{
  "PatientID": "PID50174232",
  "StudyInstanceUID": "1.2.888.777777.6666.1.99999999.4.20.20220413093151.7002542378",
  "SeriesInstanceUID": "1.2.888.777777.6666.1.99999999.5.21.20220413093151.9482065619",
  "StudyDate": "20220413",
  "CT_severity_score": 0,
  "affected_area": 0.11247575772034163,
  "CT_severity_score_lobe_lul": 0,
  "CT_severity_score_lobe_lll": 0,
  "CT_severity_score_lobe_rul": 0,
  "CT_severity_score_lobe_rll": 0,
  "CT_severity_score_lobe_rml": 0,
  "lobe_volume_lul": 916.744,
  "lobe_volume_lll": 373.828,
  "lobe_volume_rul": 744.521,
  "lobe_volume_rll": 376.551,
  "lobe_volume_rml": 438.748,
  "lobe_volume_total": 2850.392,
  "lobe_affected_area_lul": 0.31262817100520973,
  "lobe_affected_area_lll": 0.029425297195501673,
  "lobe_affected_area_rul": 0.0,
  "lobe_affected_area_rll": 0.06108070354347751,
  "lobe_affected_area_rml": 0.0,
  "emphysema_score_lul": -1,
  "emphysema_score_lll": -1,
  "emphysema_score_rul": -1,
  "emphysema_score_rll": -1,
  "emphysema_score_rml": -1,
  "emphysema_score_lungs_total": -1,
  "corads_report": "1.2.888.777777.6666.1.99999999.5.21.20220413093151.9482065619.pdf",
  "corads_report_dcm": "1.2.888.777777.6666.1.99999999.5.21.20220413093151.9482065619.dcm",
  "anterior_original": "1.2.888.777777.6666.1.99999999.5.21.20220413093151.9482065619.1.dcm",
  "anterior_overlay": "1.2.888.777777.6666.1.99999999.5.21.20220413093151.9482065619.2.dcm",
  "posterior_original": "1.2.888.777777.6666.1.99999999.5.21.20220413093151.9482065619.3.dcm",
  "posterior_overlay": "1.2.888.777777.6666.1.99999999.5.21.20220413093151.9482065619.4.dcm",
  "message": ""
}